DELETE FROM jobs;
DELETE FROM jobs_types;
DELETE FROM jobs_tags;

INSERT INTO jobs (id, slug, company_name, title, description, remote, url, location, created_at) VALUES
('e4e1a6d7-7e1d-4b9b-aabe-3a8b0a5e59a1', 'software-developer', 'TechCorp', 'Software Developer', 'Develop and maintain software.', TRUE, 'https://techcorp.com/job1', 'New York, NY', 1692787201),
('b2f4d4e1-3c6a-45a3-b8e3-33a0a1f6e1c2', 'data-analyst', 'DataGen', 'Data Analyst', 'Analyze data trends.', TRUE, 'https://datagen.com/job2', 'San Francisco, CA', 1692787202),
('d9f0a7d1-5b8f-4e73-9fa9-6b3b9a3e5c8d', 'project-manager', 'BuildIt', 'Project Manager', 'Manage project timelines and deliverables.', FALSE, 'https://buildit.com/job3', 'Chicago, IL', 1692787203),
('2c4f45a7-d3f5-4c73-8a2e-2b2b8a4c5e1f', 'qa-engineer', 'QualityFirst', 'QA Engineer', 'Ensure the quality of software products.', TRUE, 'https://qualityfirst.com/job4', 'New York, NY', 1692787204),
('9f3d1c27-9f3c-4d6e-8b1d-4e3a9f3c2d7f', 'ui-ux-designer', 'DesignPro', 'UI/UX Designer', 'Design user-friendly interfaces.', FALSE, 'https://designpro.com/job5', 'Los Angeles, CA', 1692787205),
('77b2a1f5-d5f2-4e8f-8a3b-1a4f9b3c5e9d', 'network-administrator', 'NetSecure', 'Network Administrator', 'Maintain network infrastructure.', TRUE, 'https://netsecure.com/job6', 'Seattle, WA', 1692787206),
('a1d8e5b3-c3a6-41e4-9b1f-2b8a3f5e7d9e', 'devops-engineer', 'CloudOps', 'DevOps Engineer', 'Automate cloud infrastructure.', FALSE, 'https://cloudops.com/job7', 'Denver, CO', 1692787207),
('3e5d8a4c-4f2b-4d8a-9e1f-7a2e5f7c9d4f', 'data-scientist', 'BigDataCorp', 'Data Scientist', 'Analyze and interpret complex data.', TRUE, 'https://bigdatacorp.com/job8', 'Boston, MA', 1692787208),
('8f2a1d5b-6d8e-4f3b-9f1d-3a4b7e9c5f6e', 'business-analyst', 'BizSolutions', 'Business Analyst', 'Identify business needs and solutions.', FALSE, 'https://bizsolutions.com/job9', 'New York, NY', 1692787209),
('e2f5b4d1-5b3a-4d6e-9e1a-7f8b9a2c3e5f', 'system-administrator', 'SysAdmin Co', 'System Administrator', 'Maintain and support IT systems.', TRUE, 'https://sysadminco.com/job10', 'Houston, TX', 1692787210),
('f3e4c5b2-4f7a-4d8b-8e1f-9a1b4d7e5c6f', 'product-manager', 'InnovateNow', 'Product Manager', 'Oversee product development lifecycle.', FALSE, 'https://innovatnow.com/job11', 'San Diego, CA', 1692787211),
('4d5a2c8e-9d7b-4f8e-9f1c-2a3b5e7f6d9e', 'database-administrator', 'DataSafe', 'Database Administrator', 'Manage database environments.', TRUE, 'https://datasafe.com/job12', 'Chicago, IL', 1692787212),
('5c6f7a3b-9e4d-4b8a-9d1f-8a2e4c5f7d8a', 'mobile-developer', 'AppMakers', 'Mobile Developer', 'Develop mobile applications.', FALSE, 'https://appmakers.com/job13', 'Chicago, IL', 1692787213),
('7f2a8d4b-3c5e-4f1a-9b7d-2f5c8e7a9d3f', 'technical-writer', 'DocuWrite', 'Technical Writer', 'Create and manage technical documentation.', TRUE, 'https://docuwrite.com/job14', 'Raleigh, NC', 1692787214),
('9b3f4a6c-7d8e-4f1c-9b2a-5e7f6d9a3c2f', 'cyber-security-specialist', 'SecureNet', 'Cyber Security Specialist', 'Ensure network security.', FALSE, 'https://securenet.com/job15', 'Seattle, WA', 1692787215);

INSERT INTO jobs_types (job_id, job_type) VALUES
('e4e1a6d7-7e1d-4b9b-aabe-3a8b0a5e59a1', 'Full-Time'),
('e4e1a6d7-7e1d-4b9b-aabe-3a8b0a5e59a1', 'Remote'),
('b2f4d4e1-3c6a-45a3-b8e3-33a0a1f6e1c2', 'Full-Time'),
('d9f0a7d1-5b8f-4e73-9fa9-6b3b9a3e5c8d', 'Contract'),
('2c4f45a7-d3f5-4c73-8a2e-2b2b8a4c5e1f', 'Part-Time'),
('2c4f45a7-d3f5-4c73-8a2e-2b2b8a4c5e1f', 'Remote'),
('9f3d1c27-9f3c-4d6e-8b1d-4e3a9f3c2d7f', 'Full-Time'),
('77b2a1f5-d5f2-4e8f-8a3b-1a4f9b3c5e9d', 'Contract'),
('77b2a1f5-d5f2-4e8f-8a3b-1a4f9b3c5e9d', 'Remote'),
('a1d8e5b3-c3a6-41e4-9b1f-2b8a3f5e7d9e', 'Full-Time'),
('3e5d8a4c-4f2b-4d8a-9e1f-7a2e5f7c9d4f', 'Part-Time'),
('3e5d8a4c-4f2b-4d8a-9e1f-7a2e5f7c9d4f', 'Remote'),
('8f2a1d5b-6d8e-4f3b-9f1d-3a4b7e9c5f6e', 'Full-Time'),
('e2f5b4d1-5b3a-4d6e-9e1a-7f8b9a2c3e5f', 'Contract'),
('f3e4c5b2-4f7a-4d8b-8e1f-9a1b4d7e5c6f', 'Full-Time'),
('4d5a2c8e-9d7b-4f8e-9f1c-2a3b5e7f6d9e', 'Part-Time'),
('5c6f7a3b-9e4d-4b8a-9d1f-8a2e4c5f7d8a', 'Contract'),
('7f2a8d4b-3c5e-4f1a-9b7d-2f5c8e7a9d3f', 'Remote'),
('9b3f4a6c-7d8e-4f1c-9b2a-5e7f6d9a3c2f', 'Full-Time');

INSERT INTO jobs_tags (job_id, tag) VALUES
('e4e1a6d7-7e1d-4b9b-aabe-3a8b0a5e59a1', 'Software'),
('e4e1a6d7-7e1d-4b9b-aabe-3a8b0a5e59a1', 'Development'),
('b2f4d4e1-3c6a-45a3-b8e3-33a0a1f6e1c2', 'Data'),
('b2f4d4e1-3c6a-45a3-b8e3-33a0a1f6e1c2', 'Analytics'),
('d9f0a7d1-5b8f-4e73-9fa9-6b3b9a3e5c8d', 'Management'),
('d9f0a7d1-5b8f-4e73-9fa9-6b3b9a3e5c8d', 'Projects'),
('2c4f45a7-d3f5-4c73-8a2e-2b2b8a4c5e1f', 'Quality'),
('2c4f45a7-d3f5-4c73-8a2e-2b2b8a4c5e1f', 'Testing'),
('9f3d1c27-9f3c-4d6e-8b1d-4e3a9f3c2d7f', 'Design'),
('9f3d1c27-9f3c-4d6e-8b1d-4e3a9f3c2d7f', 'UI/UX'),
('77b2a1f5-d5f2-4e8f-8a3b-1a4f9b3c5e9d', 'Network'),
('77b2a1f5-d5f2-4e8f-8a3b-1a4f9b3c5e9d', 'Administration'),
('a1d8e5b3-c3a6-41e4-9b1f-2b8a3f5e7d9e', 'DevOps'),
('a1d8e5b3-c3a6-41e4-9b1f-2b8a3f5e7d9e', 'Cloud'),
('3e5d8a4c-4f2b-4d8a-9e1f-7a2e5f7c9d4f', 'Data Science'),
('3e5d8a4c-4f2b-4d8a-9e1f-7a2e5f7c9d4f', 'Machine Learning'),
('8f2a1d5b-6d8e-4f3b-9f1d-3a4b7e9c5f6e', 'Business'),
('8f2a1d5b-6d8e-4f3b-9f1d-3a4b7e9c5f6e', 'Analysis'),
('e2f5b4d1-5b3a-4d6e-9e1a-7f8b9a2c3e5f', 'System'),
('e2f5b4d1-5b3a-4d6e-9e1a-7f8b9a2c3e5f', 'Administration'),
('f3e4c5b2-4f7a-4d8b-8e1f-9a1b4d7e5c6f', 'Product'),
('f3e4c5b2-4f7a-4d8b-8e1f-9a1b4d7e5c6f', 'Management'),
('4d5a2c8e-9d7b-4f8e-9f1c-2a3b5e7f6d9e', 'Database'),
('4d5a2c8e-9d7b-4f8e-9f1c-2a3b5e7f6d9e', 'Administration'),
('5c6f7a3b-9e4d-4b8a-9d1f-8a2e4c5f7d8a', 'Mobile'),
('5c6f7a3b-9e4d-4b8a-9d1f-8a2e4c5f7d8a', 'App Development'),
('7f2a8d4b-3c5e-4f1a-9b7d-2f5c8e7a9d3f', 'Technical Writing'),
('7f2a8d4b-3c5e-4f1a-9b7d-2f5c8e7a9d3f', 'Documentation'),
('9b3f4a6c-7d8e-4f1c-9b2a-5e7f6d9a3c2f', 'Security'),
('9b3f4a6c-7d8e-4f1c-9b2a-5e7f6d9a3c2f', 'Cybersecurity');